{"packages/cupertino_icons/assets/CupertinoIcons.ttf":["packages/cupertino_icons/assets/CupertinoIcons.ttf"],"packages/wiredash/assets/images/logo_white.png":["packages/wiredash/assets/images/logo_white.png"],"packages/wiredash/lib/assets/fonts/Inter-Bold.ttf":["packages/wiredash/lib/assets/fonts/Inter-Bold.ttf"],"packages/wiredash/lib/assets/fonts/Inter-Regular.ttf":["packages/wiredash/lib/assets/fonts/Inter-Regular.ttf"],"packages/wiredash/lib/assets/fonts/Inter-SemiBold.ttf":["packages/wiredash/lib/assets/fonts/Inter-SemiBold.ttf"],"packages/wiredash/lib/assets/fonts/Wirecons.ttf":["packages/wiredash/lib/assets/fonts/Wirecons.ttf"]}