{"packages/cupertino_icons/assets/CupertinoIcons.ttf":["packages/cupertino_icons/assets/CupertinoIcons.ttf"],"packages/media_kit/assets/web/hls1.4.10.js":["packages/media_kit/assets/web/hls1.4.10.js"],"packages/wakelock_plus/assets/no_sleep.js":["packages/wakelock_plus/assets/no_sleep.js"],"packages/window_manager/images/ic_chrome_close.png":["packages/window_manager/images/ic_chrome_close.png"],"packages/window_manager/images/ic_chrome_maximize.png":["packages/window_manager/images/ic_chrome_maximize.png"],"packages/window_manager/images/ic_chrome_minimize.png":["packages/window_manager/images/ic_chrome_minimize.png"],"packages/window_manager/images/ic_chrome_unmaximize.png":["packages/window_manager/images/ic_chrome_unmaximize.png"],"packages/wiredash/assets/images/logo_white.png":["packages/wiredash/assets/images/logo_white.png"],"packages/wiredash/lib/assets/fonts/Inter-Bold.ttf":["packages/wiredash/lib/assets/fonts/Inter-Bold.ttf"],"packages/wiredash/lib/assets/fonts/Inter-Regular.ttf":["packages/wiredash/lib/assets/fonts/Inter-Regular.ttf"],"packages/wiredash/lib/assets/fonts/Inter-SemiBold.ttf":["packages/wiredash/lib/assets/fonts/Inter-SemiBold.ttf"],"packages/wiredash/lib/assets/fonts/Wirecons.ttf":["packages/wiredash/lib/assets/fonts/Wirecons.ttf"]}